{
"xs": [
-8.266129032258064,
-5.846774193548388,
-5.846774193548388,
-4.274193548387098,
-4.879032258064518,
-2.258064516129034,
-3.1854838709677438,
1.1693548387096762,
-1.169354838709678,
-0.2822580645161299,
4.758064516129032,
2.016129032258064,
6.774193548387096,
7.056451612903224,
3.9516129032258043,
2.580645161290322,
4.637096774193548,
0.6048387096774182,
7.016129032258064,
-8.024193548387098
],
"ys": [
-4.020562770562771,
-3.695887445887446,
-2.7489177489177488,
-2.8030303030303028,
0.36255411255411296,
-1.5854978354978355,
-1.3149350649350646,
0.4978354978354984,
0.8495670995670999,
-1.0173160173160172,
1.8235930735930737,
2.121212121212121,
3.7987012987012996,
2.8517316017316023,
3.257575757575758,
1.2554112554112562,
-2.153679653679654,
0.01082251082251151,
-4.291125541125542,
3.4199134199134207
]
}