{
"xs": [
0.4032258064516121,
1.008064516129032,
1.2499999999999982,
3.2258064516129004,
3.024193548387096,
4.798387096774192,
6.653225806451612,
-0.36290322580645196,
-2.096774193548388,
-4.072580645161292,
-5.846774193548388,
-5.241935483870969,
-7.500000000000001,
-7.258064516129033,
-5.806451612903227,
7.258064516129032,
9.274193548387096,
6.411290322580644,
-7.258064516129033,
-8.548387096774194
],
"ys": [
-3.9123376623376624,
-2.7489177489177488,
-3.344155844155844,
-2.207792207792208,
-1.558441558441558,
-0.3679653679653674,
0.17316017316017351,
-1.45021645021645,
-1.1796536796536792,
-0.12445887445887394,
0.2813852813852815,
2.067099567099568,
2.60822510822511,
4.096320346320347,
-0.6655844155844148,
1.6341991341991342,
0.5519480519480524,
-1.0443722943722937,
1.1742424242424248,
4.475108225108226
]
}